Date,Country,Main indicators & events,Time,Period,Consensus,T-1
2026-10-05,JN,Japan PMI Composite,2:30,Sep F,     --,52.5
2026-10-05,JN,Japan PMI Services,2:30,Sep F,     --,51.6
2026-10-05,JN,Consumer Confidence Index,7:00,Sep,35.3,35.5
2026-10-05,FR,France Composite PMI,9:50,Sep F,51.2,51.2
2026-10-05,GE,Germany Composite PMI,9:55,Sep F,53.8,53.8
2026-10-05,EC,Eurozone Services PMI,10:00,Sep F,53.0,53.0
2026-10-05,EC,Eurozone Composite PMI,10:00,Sep F,53.1,53.1
2026-10-05,EC,Sentix Investor Confidence,10:30,Oct,4.5,5.1
2026-10-05,UK,Services PMI,10:30,Sep F,51.7,51.7
2026-10-05,UK,S&P Global UK Composite PMI,10:30,Sep F,51.7,51.7
2026-10-05,EC,PPI YoY,11:00,Aug,7.6%,5.8%
2026-10-05,US,US Services PMI,15:45,Sep F,58.7,58.7
2026-10-05,US,US Composite PMI,15:45,Sep F,     --,58.4
2026-10-05,US,ISM Services Index,16:00,Sep,55.2,55.4
2026-10-06,GE,Factory Orders MoM,8:00,Aug,-1.0%,2.5%
2026-10-06,FR,Industrial Production MoM,8:45,Aug,0.4%,-0.4%
2026-10-06,EC,Retail Sales MoM,11:00,Aug,0.3%,-0.6%
2026-10-06,US,Trade Balance,14:30,Aug,-$89.8b,-$88.6b
2026-10-06,US,STEO Current Yr Crude Forecast,18:00,Oct,     --,13.8
2026-10-07,JN,Leading Index CI,7:00,Aug P,     --,117.7
2026-10-07,GE,Industrial Production SA MoM,8:00,Aug,0.5%,-1.1%
2026-10-07,FR,Trade Balance,8:45,Aug,     --,-6669m
2026-10-07,US,DOE U.S. Crude Oil Inventories,16:30,     --,     --,922k
2026-10-07,US,FOMC Meeting Minutes,20:00,     --,     --,     --
2026-10-08,UK,RICS House Price Balance,1:01,Sep,-30.0%,-28.0%
2026-10-08,JN,BoP Current Account Adjusted,1:50,Aug,¥2112.3b,¥2523.1b
2026-10-08,GE,Trade Balance SA,8:00,Aug,19.0b,21.3b
2026-10-08,US,Initial Jobless Claims,14:30,     --,     --,197k
2026-10-09,JN,Household Spending YoY,1:30,Aug,-3.6%,-3.6%
2026-10-09,JN,Machine Tool Orders YoY,8:00,Sep P,     --,64.7%
2026-10-09,US,U. of Mich. Sentiment,16:00,Oct P,48.0,48.1
2026-10-09,US,Baker Hughes U.S. Rotary Oil Rigs,19:00,     --,     --,     --
2026-10-13,JN,PPI YoY,1:50,Sep,     --,7.6%
2026-10-13,GE,CPI EU Harmonized YoY,8:00,Sep F,     --,3.3%
2026-10-13,US,NFIB Small Business Optimism,12:00,Sep,     --,98.7
2026-10-13,US,Existing Home Sales MoM,16:00,Sep,     --,-2.0%
2026-10-14,CH,PPI YoY,3:30,Sep,     --,3.8%
2026-10-14,CH,CPI YoY,3:30,Sep,     --,0.8%
2026-10-14,US,CPI YoY,14:30,Sep,     --,3.4%
2026-10-14,US,Core CPI YoY,14:30,Sep,     --,2.4%
2026-10-14,CH,Trade Balance,     --,Sep,     --,$119.09b
2026-10-15,JN,Core Machine Orders MoM,1:50,Aug,     --,-3.7%
2026-10-15,JN,Industrial Production MoM,6:30,Aug F,     --,-1.7%
2026-10-15,UK,Monthly GDP (MoM),8:00,Aug,     --,0.4%
2026-10-15,UK,Industrial Production MoM,8:00,Aug,     --,0.2%
2026-10-15,UK,Trade Balance GBP/Mn,8:00,Aug,     --,-£3450m
2026-10-15,FR,CPI EU Harmonized YoY,8:45,Sep F,     --,3.4%
2026-10-15,EC,Industrial Production SA MoM,11:00,Aug,     --,-0.1%
2026-10-15,US,Retail Sales Control Group,14:30,Sep,     --,1.4%
2026-10-15,US,Philadelphia Fed Business Outlook,14:30,Oct,     --,37.8
2026-10-15,US,Initial Jobless Claims,14:30,     --,     --,     --
2026-10-15,US,PPI Final Demand YoY,14:30,Sep,     --,5.4%
2026-10-15,US,Business Inventories,16:00,Aug,     --,0.8%
2026-10-15,US,DOE U.S. Crude Oil Inventories,18:00,     --,     --,     --
2026-10-16,EC,Trade Balance SA,11:00,Aug,     --,5.0b
2026-10-16,EC,CPI YoY,11:00,Sep F,     --,3.8%
2026-10-16,IT,CPI EU Harmonized YoY,11:00,Sep F,     --,4.1%
2026-10-16,US,Import Price Index MoM,14:30,Sep,     --,0.7%
2026-10-16,US,Import Price Index YoY,14:30,Sep,     --,7.0%
2026-10-16,US,Industrial Production MoM,15:15,Sep,     --,0.0%
2026-10-16,US,Baker Hughes U.S. Rotary Oil Rigs,19:00,     --,     --,     --
2026-10-16,US,Net Long-term TIC Flows,22:00,Aug,     --,-$27.9b
