Auction_Date,Price,Min_Price,Max_Price,Volume_Assigned,Volume_Offered,generation_type,production_period_Year,production_period_Month
2012-06-20,0.061,0.03,0.1,507000.0,5999397.0,Other,2012,
2012-06-20,0.042,0.04,0.07,44000.0,88081.0,Wind,2012,
2012-09-20,0.11800000000000001,0.1,0.14,156953.0,156953.0,Wind,2012,
2012-09-20,0.115,0.1,0.14,431501.0,431501.0,Solar,2012,
2012-12-20,0.115,0.11,0.13,184000.0,1406891.0,Other,2012,
2012-12-20,0.11,0.11,0.11,3000.0,46527.0,Wind,2012,
2012-12-20,0.115,0.11,0.13,91000.0,372378.0,Solar,2012,
2013-01-21,0.12,0.12,0.12,1000.0,10233421.0,Solar,2012,
2013-03-20,0.0,0.0,0.0,0.0,0.0,,2012,
2013-09-30,0.23,0.22,0.25,6000.0,3657528.0,Other,2013,
2014-01-20,0.11,0.11,0.11,200000.0,13397397.0,Solar,2013,
2014-03-20,0.07,0.07,0.07,45000.0,5111376.0,Wind,2013,
2014-06-20,0.13,0.13,0.13,1000.0,1070639.0,Hydro,2014,
2014-06-20,0.11,0.11,0.11,57000.0,504490.0,Solar,2014,01
2014-12-22,0.1,0.1,0.1,30000.0,1733780.0,Other,2014,02
2014-12-22,0.08,0.08,0.08,15000.0,1818326.0,Other,2014,01
2014-12-22,0.09,0.09,0.09,190000.0,3841261.0,Hydro,2014,
2014-12-22,0.09,0.09,0.09,50000.0,422371.0,Hydro,2014,02
2014-12-22,0.07,0.07,0.07,11000.0,440120.0,Hydro,2014,01
2014-12-22,0.09,0.09,0.09,40000.0,771991.0,Solar,2014,02
2014-12-22,0.08,0.08,0.08,1000.0,453315.0,Solar,2014,01
2015-01-20,0.08,0.08,0.08,30000.0,1804232.0,Other,2014,01
2015-01-20,0.09,0.09,0.09,30000.0,604885.0,Wind,2014,01
2015-01-20,0.09,0.09,0.09,100000.0,4116395.0,Hydro,2014,
2015-01-20,0.09,0.09,0.09,30000.0,373396.0,Hydro,2014,02
2015-01-20,0.07,0.07,0.07,40000.0,429995.0,Hydro,2014,01
2015-03-20,0.05,0.05,0.05,200000.0,15392805.0,Other,2014,
2015-03-20,0.05,0.05,0.05,504000.0,4022024.0,Wind,2014,
2015-03-20,0.062,0.06,0.07,484000.0,13036636.0,Solar,2014,
2015-06-22,0.14,0.14,0.14,175000.0,572546.0,Solar,2015,01
2015-09-21,0.14,0.14,0.14,51000.0,1211664.0,Other,2015,02
2015-09-21,0.13,0.13,0.13,31000.0,1324664.0,Other,2015,01
2015-09-21,0.15,0.15,0.15,50000.0,1454273.0,Wind,2015,
2015-09-21,0.13,0.13,0.13,30000.0,563477.0,Wind,2015,01
2015-09-21,0.15,0.15,0.15,50000.0,1855377.0,Hydro,2015,
2015-09-21,0.13,0.13,0.13,30000.0,299629.0,Hydro,2015,01
2015-09-21,0.15,0.15,0.15,10000.0,7180931.0,Solar,2015,
2015-09-21,0.14,0.14,0.14,50000.0,636979.0,Solar,2015,02
2015-09-21,0.13,0.13,0.13,230000.0,401863.0,Solar,2015,01
2015-12-21,0.16,0.16,0.16,100000.0,11263550.0,Other,2015,
2015-12-21,0.14100000000000001,0.14,0.15,60000.0,1164438.0,Other,2015,02
2015-12-21,0.132,0.13,0.14,41000.0,1298920.0,Other,2015,01
2015-12-21,0.15,0.15,0.16,1117000.0,1917100.0,Wind,2015,
2015-12-21,0.14,0.14,0.15,230000.0,441361.0,Wind,2015,02
2015-12-21,0.13,0.13,0.14,307000.0,533487.0,Wind,2015,01
2015-12-21,0.156,0.15,0.16,149000.0,2720266.0,Hydro,2015,
2015-12-21,0.15,0.15,0.15,9000.0,281491.0,Hydro,2015,02
2015-12-21,0.132,0.13,0.14,41000.0,270927.0,Hydro,2015,01
2015-12-21,0.153,0.15,0.16,289000.0,10432146.0,Solar,2015,
2015-12-21,0.14,0.14,0.15,149000.0,588728.0,Solar,2015,02
2015-12-21,0.131,0.13,0.14,69000.0,173248.0,Solar,2015,01
2016-01-20,0.15,0.15,0.15,10000.0,12505072.0,Other,2015,
2016-01-20,0.15,0.15,0.16,539000.0,998811.0,Wind,2015,
2016-01-20,0.151,0.15,0.16,125000.0,211366.0,Wind,2015,02
2016-01-20,0.15,0.15,0.16,1453000.0,2827973.0,Hydro,2015,
2016-01-20,0.151,0.15,0.16,156000.0,272491.0,Hydro,2015,02
2016-01-20,0.151,0.15,0.16,290000.0,10753376.0,Solar,2015,
2016-01-20,0.16,0.16,0.16,20000.0,425371.0,Solar,2015,02
2016-03-21,0.28800000000000003,0.27,0.30000000000000004,126000.0,13945188.0,Other,2015,
2016-03-21,0.273,0.27,0.29,480000.0,537676.0,Wind,2015,
2016-03-21,0.27,0.27,0.29,228000.0,1546724.0,Hydro,2015,
2016-03-21,0.27,0.27,0.30000000000000004,1645000.0,10910870.0,Solar,2015,
2016-06-20,0.2,0.2,0.2,180000.0,2817480.0,Other,2016,
2016-06-20,0.17,0.17,0.17,25000.0,1397883.0,Other,2016,01
2016-06-20,0.203,0.2,0.21,309902.0,379804.0,Wind,2016,
2016-06-20,0.18,0.18,0.18,132000.0,278222.0,Wind,2016,02
2016-06-20,0.17,0.17,0.17,261543.0,261543.0,Wind,2016,01
2016-06-20,0.201,0.2,0.28,127000.0,712269.0,Hydro,2016,
2016-06-20,0.17,0.17,0.17,115000.0,196412.0,Hydro,2016,01
2016-06-20,0.20700000000000002,0.2,0.4,1531000.0,1547365.0,Solar,2016,
2016-06-20,0.18,0.18,0.18,315000.0,435752.0,Solar,2016,02
2016-06-20,0.17,0.17,0.17,310000.0,382069.0,Solar,2016,01
2016-09-20,0.19,0.19,0.19,130000.0,6940338.0,Other,2016,
2016-09-20,0.17,0.17,0.17,100000.0,1377630.0,Other,2016,01
2016-09-20,0.19,0.19,0.19,330000.0,479269.0,Wind,2016,
2016-09-20,0.18,0.18,0.18,149478.0,149478.0,Wind,2016,02
2016-09-20,0.17200000000000001,0.17,0.18,10000.0,10225.0,Wind,2016,01
2016-09-20,0.19,0.19,0.19,530000.0,1822000.0,Hydro,2016,
2016-09-20,0.18,0.18,0.18,120000.0,241734.0,Hydro,2016,02
2016-09-20,0.17,0.17,0.17,10000.0,85161.0,Hydro,2016,01
2016-09-20,0.243,0.2,0.26,2989765.0,2989765.0,Solar,2016,
2016-09-20,0.18,0.18,0.18,60000.0,123397.0,Solar,2016,02
2016-09-20,0.17,0.17,0.17,56000.0,73504.0,Solar,2016,01
2016-12-20,0.273,0.27,0.28,241000.0,11049693.0,Other,2016,
2016-12-20,0.30000000000000004,0.27,0.33,60000.0,397674.0,Wind,2016,
2016-12-20,0.275,0.27,0.28,555000.0,2096609.0,Hydro,2016,
2016-12-20,0.37,0.28,0.45,4543883.0,4543883.0,Solar,2016,
2017-01-20,0.28,0.28,0.28,120000.0,12235843.0,Other,2016,
2017-01-20,0.28700000000000003,0.28,0.31,815000.0,1854854.0,Hydro,2016,
2017-01-20,0.495,0.35000000000000003,0.55,438646.0,438646.0,Solar,2016,
2017-03-20,0.22,0.22,0.22,500000.0,1323581.0,Hydro,2016,
2017-03-20,0.42,0.23,0.61,445751.0,445751.0,Solar,2016,
2017-06-20,0.197,0.17,0.22,2756082.0,2756082.0,Other,2017,
2017-06-20,0.182,0.15,0.21,1163913.0,1163913.0,Other,2017,02
2017-06-20,0.182,0.16,0.21,1363261.0,1363261.0,Other,2017,01
2017-06-20,0.221,0.21,0.23,182755.0,182755.0,Wind,2017,
2017-06-20,0.209,0.19,0.22,83767.0,83767.0,Wind,2017,02
2017-06-20,0.209,0.19,0.22,105981.0,105981.0,Wind,2017,01
2017-06-20,0.23500000000000001,0.22,0.24,593378.0,593378.0,Hydro,2017,
2017-06-20,0.222,0.18,0.23,204297.0,204297.0,Hydro,2017,02
2017-06-20,0.217,0.18,0.23,175367.0,175367.0,Hydro,2017,01
2017-06-20,0.394,0.30000000000000004,0.66,2095440.0,2095440.0,Solar,2017,
2017-06-20,0.37,0.28,0.66,489670.0,489670.0,Solar,2017,02
2017-06-20,0.402,0.24,0.66,406343.0,406343.0,Solar,2017,01
2017-09-20,0.259,0.23,0.30000000000000004,3529188.0,3529188.0,Other,2017,
2017-09-20,0.184,0.17,0.19,4108.0,4108.0,Other,2017,02
2017-09-20,0.181,0.17,0.19,3024.0,3024.0,Other,2017,01
2017-09-20,0.271,0.24,0.30000000000000004,198617.0,198617.0,Wind,2017,
2017-09-20,0.246,0.22,0.26,3127.0,3127.0,Wind,2017,02
2017-09-20,0.247,0.22,0.26,2720.0,2720.0,Wind,2017,01
2017-09-20,0.259,0.24,0.28,998676.0,998676.0,Hydro,2017,
2017-09-20,0.228,0.21,0.23,4763.0,4763.0,Hydro,2017,02
2017-09-20,0.225,0.21,0.23,3491.0,3491.0,Hydro,2017,01
2017-09-20,0.525,0.48,0.6000000000000001,3891876.0,3891876.0,Solar,2017,
2017-09-20,0.219,0.19,0.24,4938.0,5876.0,Solar,2017,02
2017-09-20,0.216,0.19,0.24,10566.0,11133.0,Solar,2017,01
2017-12-20,0.5760000000000001,0.52,0.59,3600616.0,3600616.0,Other,2017,
2017-12-20,0.34900000000000003,0.34,0.35000000000000003,1907.0,1907.0,Other,2017,02
2017-12-20,0.334,0.31,0.35000000000000003,2123.0,2123.0,Other,2017,01
2017-12-20,0.555,0.53,0.63,211651.0,211651.0,Wind,2017,
2017-12-20,0.38,0.33,0.43,1042.0,1042.0,Wind,2017,02
2017-12-20,0.375,0.34,0.41000000000000003,878.0,878.0,Wind,2017,01
2017-12-20,0.5670000000000001,0.52,0.6000000000000001,643366.0,643366.0,Hydro,2017,
2017-12-20,0.359,0.32,0.38,1649.0,1649.0,Hydro,2017,02
2017-12-20,0.339,0.30000000000000004,0.35000000000000003,1079.0,1079.0,Hydro,2017,01
2017-12-20,0.876,0.85,0.9,2938555.0,2938555.0,Solar,2017,
2017-12-20,0.35000000000000003,0.35000000000000003,0.35000000000000003,3179.0,3179.0,Solar,2017,02
2017-12-20,0.33,0.32,0.34,2590.0,2590.0,Solar,2017,01
2018-01-22,0.687,0.64,0.74,1166189.0,1166189.0,Other,2017,
2018-01-22,0.432,0.4,0.49,3280.0,3280.0,Other,2017,02
2018-01-22,0.419,0.38,0.49,3268.0,3268.0,Other,2017,01
2018-01-22,0.665,0.64,0.68,155327.0,155327.0,Wind,2017,
2018-01-22,0.661,0.65,0.68,200427.0,200427.0,Hydro,2017,
2018-01-22,1.115,1.01,1.35,436732.0,436732.0,Solar,2017,
2018-03-20,0.783,0.75,0.8200000000000001,1177433.0,1177433.0,Other,2017,
2018-03-20,0.756,0.72,0.78,98769.0,98769.0,Wind,2017,
2018-03-20,0.747,0.74,0.75,206406.0,206406.0,Hydro,2017,
2018-03-20,1.214,1.21,1.31,403623.0,403623.0,Solar,2017,
2018-06-20,0.96,0.9400000000000001,1.1,2105641.0,2105641.0,Other,2018,
2018-06-20,0.9390000000000001,0.92,0.9500000000000001,1006376.0,1006376.0,Other,2018,02
2018-06-20,0.9390000000000001,0.92,0.9500000000000001,1156169.0,1156169.0,Other,2018,01
2018-06-20,1.349,1.33,1.35,210904.0,210904.0,Wind,2018,
2018-06-20,1.347,1.29,1.35,105180.0,105180.0,Wind,2018,02
2018-06-20,1.345,1.28,1.35,111891.0,111891.0,Wind,2018,01
2018-06-20,0.987,0.98,1.0,780363.0,780363.0,Hydro,2018,
2018-06-20,0.977,0.97,0.99,221144.0,221144.0,Hydro,2018,02
2018-06-20,0.974,0.96,0.99,276995.0,276995.0,Hydro,2018,01
2018-06-20,1.223,1.22,1.33,1613902.0,1613902.0,Solar,2018,
2018-06-20,1.229,1.22,1.23,382120.0,382120.0,Solar,2018,02
2018-06-20,1.217,1.21,1.22,375220.0,375220.0,Solar,2018,01
2018-09-20,1.874,1.8,2.04,3424825.0,3424825.0,Other,2018,
2018-09-20,1.549,1.31,1.56,10432.0,10432.0,Other,2018,02
2018-09-20,1.534,1.22,1.9,9535.0,9535.0,Other,2018,01
2018-09-20,2.71,2.17,2.73,215486.0,215486.0,Wind,2018,
2018-09-20,2.016,1.98,2.06,2723.0,2723.0,Wind,2018,02
2018-09-20,2.016,1.9100000000000001,2.07,2348.0,2348.0,Wind,2018,01
2018-09-20,2.001,1.96,2.14,1319110.0,1319110.0,Hydro,2018,
2018-09-20,1.709,1.52,1.8,4054.0,4054.0,Hydro,2018,02
2018-09-20,1.7389999999999999,1.49,1.9,3534.0,3534.0,Hydro,2018,01
2018-09-20,1.992,1.96,2.15,3312491.0,3312491.0,Solar,2018,
2018-09-20,1.47,1.2,1.52,2367.0,2367.0,Solar,2018,02
2018-09-20,1.591,1.48,1.9,3937.0,3937.0,Solar,2018,01
2018-12-20,1.334,1.28,1.4100000000000001,3350515.0,3350515.0,Other,2018,
2018-12-20,1.199,1.17,1.22,6171.0,6171.0,Other,2018,02
2018-12-20,1.154,1.1,1.22,7136.0,7136.0,Other,2018,01
2018-12-20,1.639,1.55,1.6400000000000001,190815.0,190815.0,Wind,2018,
2018-12-20,1.2650000000000001,1.26,1.27,1204.0,1204.0,Wind,2018,01
2018-12-20,1.4889999999999999,1.48,1.5,729247.0,729247.0,Hydro,2018,
2018-12-20,1.651,1.63,1.69,601000.0,2504923.0,Solar,2018,
2019-01-21,1.254,1.19,1.32,439000.0,1135065.0,Other,2018,
2019-01-21,1.125,1.1,1.15,1482.0,1482.0,Other,2018,02
2019-01-21,1.025,1.0,1.05,1584.0,1585.0,Other,2018,01
2019-01-21,1.623,1.4100000000000001,1.6600000000000001,74574.0,74574.0,Wind,2018,
2019-01-21,1.272,1.23,1.3,389120.0,389120.0,Hydro,2018,
2019-01-21,1.118,1.09,1.15,2469.0,2939.0,Hydro,2018,02
2019-01-21,1.023,1.0,1.05,2599.0,3198.0,Hydro,2018,01
2019-01-21,1.509,1.4100000000000001,1.58,2215832.0,2215832.0,Solar,2018,
2019-01-21,1.16,1.16,1.16,1144.0,1144.0,Solar,2018,02
2019-01-21,1.08,1.06,1.1,1184.0,1184.0,Solar,2018,01
2019-03-20,0.849,0.8300000000000001,0.86,31000.0,1913477.0,Other,2018,
2019-03-20,1.2650000000000001,1.26,1.27,98000.0,101697.0,Wind,2018,
2019-03-20,0.811,0.8,0.8200000000000001,321764.0,321764.0,Hydro,2018,
2019-03-20,1.114,1.07,1.15,339414.0,339414.0,Solar,2018,
2019-06-20,0.463,0.41000000000000003,0.53,2052534.0,2052534.0,Other,2019,
2019-06-20,0.358,0.33,0.43,810000.0,991421.0,Other,2019,02
2019-06-20,0.401,0.39,0.42,1060941.0,1060941.0,Other,2019,01
2019-06-20,0.621,0.61,0.66,175000.0,192447.0,Wind,2019,
2019-06-20,0.5700000000000001,0.56,0.58,80740.0,111480.0,Wind,2019,02
2019-06-20,0.556,0.53,0.7000000000000001,107590.0,107590.0,Wind,2019,01
2019-06-20,0.649,0.46,0.67,567062.0,567062.0,Hydro,2019,
2019-06-20,0.549,0.42,0.5700000000000001,220643.0,220643.0,Hydro,2019,02
2019-06-20,0.549,0.43,0.5700000000000001,216937.0,216937.0,Hydro,2019,01
2019-06-20,0.9510000000000001,0.76,1.01,1686679.0,1686679.0,Solar,2019,
2019-06-20,0.795,0.6000000000000001,0.84,548327.0,548327.0,Solar,2019,02
2019-06-20,0.795,0.6000000000000001,0.84,336247.0,336247.0,Solar,2019,01
2019-09-20,0.672,0.51,0.8200000000000001,3159757.0,3159757.0,Other,2019,
2019-09-20,0.812,0.73,0.93,200792.0,200792.0,Wind,2019,
2019-09-20,0.616,0.55,0.6900000000000001,1236123.0,1236123.0,Hydro,2019,
2019-09-20,0.967,0.9,1.02,3022412.0,3022412.0,Solar,2019,
2019-12-20,0.712,0.63,0.77,133925.0,133925.0,Wind,2019,
2019-12-20,0.529,0.51,0.5700000000000001,771299.0,771299.0,Hydro,2019,
2019-12-20,1.028,0.99,1.04,2395920.0,2395920.0,Solar,2019,
2020-01-20,0.209,0.19,0.23,9899.0,16798.0,Other,2019,02
2020-01-20,0.2,0.2,0.2,500.0,1697.0,Other,2019,01
2020-01-20,0.71,0.37,0.73,126847.0,126847.0,Wind,2019,
2020-01-20,0.247,0.24,0.26,10000.0,32290.0,Wind,2019,02
2020-01-20,0.629,0.59,0.63,409712.0,409712.0,Hydro,2019,
2020-01-20,0.211,0.2,0.22,3499.0,4998.0,Hydro,2019,02
2020-01-20,0.198,0.19,0.2,2422.0,2844.0,Hydro,2019,01
2020-01-20,1.024,1.01,1.04,278079.0,278079.0,Solar,2019,
2020-01-20,0.34400000000000003,0.34,0.35000000000000003,4374.0,8749.0,Solar,2019,02
2020-01-20,0.309,0.30000000000000004,0.31,2002.0,4005.0,Solar,2019,01
2020-03-20,0.314,0.19,0.62,74787.0,74787.0,Wind,2019,
2020-03-20,0.34900000000000003,0.31,0.4,429462.0,429462.0,Hydro,2019,
2020-03-20,0.853,0.6000000000000001,1.11,300513.0,300513.0,Solar,2019,
2020-06-22,0.509,0.34,0.54,1391525.0,1391525.0,Other,2020,
2020-06-22,0.389,0.24,0.39,668350.0,668350.0,Other,2020,02
2020-06-22,0.309,0.22,0.39,707840.0,707840.0,Other,2020,01
2020-06-22,0.369,0.23,0.39,125490.0,125490.0,Wind,2020,
2020-06-22,0.20400000000000001,0.14,0.24,108080.0,108080.0,Wind,2020,02
2020-06-22,0.183,0.14,0.24,70736.0,70736.0,Wind,2020,01
2020-06-22,0.269,0.24,0.29,670906.0,670906.0,Hydro,2020,
2020-06-22,0.199,0.16,0.22,230528.0,230528.0,Hydro,2020,02
2020-06-22,0.20400000000000001,0.16,0.23,300101.0,300101.0,Hydro,2020,01
2020-06-22,0.638,0.43,0.64,1692735.0,1692735.0,Solar,2020,
2020-06-22,0.443,0.17,0.48,554073.0,554073.0,Solar,2020,02
2020-06-22,0.431,0.19,0.48,388097.0,388097.0,Solar,2020,01
2020-09-21,0.592,0.51,0.61,2047530.0,2047530.0,Other,2020,
2020-09-21,0.519,0.41000000000000003,0.55,181028.0,181028.0,Wind,2020,
2020-09-21,0.402,0.38,0.43,1227691.0,1227691.0,Hydro,2020,
2020-09-21,0.666,0.51,0.71,3117994.0,3117994.0,Solar,2020,
2020-12-21,0.45,0.44,0.65,1994605.0,1994605.0,Other,2020,
2020-12-21,0.41000000000000003,0.37,0.65,167974.0,167974.0,Wind,2020,
2020-12-21,0.328,0.31,0.6000000000000001,908510.0,908510.0,Hydro,2020,
2020-12-21,0.418,0.33,0.75,2198867.0,2198867.0,Solar,2020,
2021-01-20,0.424,0.41000000000000003,0.43,681020.0,681020.0,Other,2020,
2021-01-20,0.5640000000000001,0.31,0.75,38964.0,38964.0,Wind,2020,
2021-01-20,0.335,0.33,0.37,268872.0,268872.0,Hydro,2020,
2021-01-20,0.396,0.38,0.47000000000000003,334758.0,334758.0,Solar,2020,
2021-03-22,0.395,0.37,0.42,798578.0,798578.0,Other,2020,
2021-03-22,0.619,0.52,0.71,75419.0,75419.0,Wind,2020,
2021-03-22,0.332,0.32,0.34,340495.0,340495.0,Hydro,2020,
2021-03-22,0.467,0.45,0.47000000000000003,314467.0,314467.0,Solar,2020,
2021-06-21,0.42,0.42,0.43,603000.0,1353166.0,Other,2021,
2021-06-21,0.37,0.37,0.37,318000.0,637969.0,Other,2021,02
2021-06-21,0.35000000000000003,0.34,0.4,702351.0,702351.0,Other,2021,01
2021-06-21,0.495,0.49,0.58,130014.0,130014.0,Wind,2021,
2021-06-21,0.459,0.41000000000000003,0.46,60860.0,60860.0,Wind,2021,02
2021-06-21,0.459,0.41000000000000003,0.46,93597.0,93597.0,Wind,2021,01
2021-06-21,0.46900000000000003,0.45,0.47000000000000003,632335.0,632335.0,Hydro,2021,
2021-06-21,0.439,0.41000000000000003,0.44,312108.0,312108.0,Hydro,2021,02
2021-06-21,0.439,0.41000000000000003,0.44,309562.0,309562.0,Hydro,2021,01
2021-06-21,0.371,0.36,0.45,923000.0,1555310.0,Solar,2021,
2021-06-21,0.337,0.33,0.35000000000000003,435554.0,435554.0,Solar,2021,02
2021-06-21,0.327,0.32,0.33,258225.0,258225.0,Solar,2021,01
2021-09-20,0.717,0.61,0.87,2638444.0,2638444.0,Other,2021,
2021-09-20,0.658,0.58,0.75,311000.0,322500.0,Other,2021,02
2021-09-20,0.641,0.36,0.73,2224.0,2224.0,Other,2021,01
2021-09-20,0.809,0.78,0.8300000000000001,173991.0,173991.0,Wind,2021,
2021-09-20,0.5650000000000001,0.4,0.73,600.0,677.0,Wind,2021,02
2021-09-20,0.53,0.34,0.72,600.0,718.0,Wind,2021,01
2021-09-20,0.43,0.43,0.43,4.0,8.0,Geothermal,2021,
2021-09-20,0.772,0.75,0.79,1227701.0,1227701.0,Hydro,2021,
2021-09-20,0.642,0.45,0.74,2336.0,2336.0,Hydro,2021,02
2021-09-20,0.632,0.4,0.73,2192.0,2192.0,Hydro,2021,01
2021-09-20,0.709,0.67,1.0,3575436.0,3575436.0,Solar,2021,
2021-09-20,0.637,0.46,0.74,2743.0,2743.0,Solar,2021,02
2021-09-20,0.637,0.43,0.74,1591.0,1591.0,Solar,2021,01
2021-12-20,0.856,0.76,0.93,1900120.0,1900120.0,Other,2021,
2021-12-20,1.25,1.25,1.25,20000.0,161586.0,Wind,2021,
2021-12-20,0.86,0.85,0.87,792000.0,792360.0,Hydro,2021,
2021-12-20,0.9560000000000001,0.8,1.06,1971000.0,2240685.0,Solar,2021,
2022-01-20,1.048,1.04,1.06,621161.0,621161.0,Other,2021,
2022-01-20,0.454,0.38,0.51,13716.0,13716.0,Other,2021,02
2022-01-20,0.305,0.21,0.4,2200.0,2351.0,Other,2021,01
2022-01-20,1.009,0.96,1.01,221217.0,221217.0,Wind,2021,
2022-01-20,0.39,0.2,0.58,1000.0,1005.0,Wind,2021,02
2022-01-20,0.888,0.88,0.92,292543.0,292543.0,Hydro,2021,
2022-01-20,0.447,0.2,0.61,984.0,984.0,Hydro,2021,02
2022-01-20,0.4,0.4,0.4,300.0,657.0,Hydro,2021,01
2022-01-20,1.111,1.08,1.13,522611.0,522611.0,Solar,2021,
2022-01-20,0.439,0.21,0.48,1805.0,1805.0,Solar,2021,02
2022-01-20,0.30000000000000004,0.2,0.4,1000.0,1189.0,Solar,2021,01
2022-03-21,1.645,1.34,1.9300000000000002,674737.0,674737.0,Other,2021,
2022-03-21,1.32,1.11,1.73,82703.0,82703.0,Wind,2021,
2022-03-21,1.456,1.3,1.58,266866.0,266866.0,Hydro,2021,
2022-03-21,2.006,1.79,2.4,266958.0,266958.0,Solar,2021,
2022-06-20,2.162,2.09,2.26,1192821.0,1192821.0,Other,2022,
2022-06-20,1.695,1.48,1.8399999999999999,566702.0,566702.0,Other,2022,02
2022-06-20,1.699,1.48,1.8399999999999999,627447.0,627447.0,Other,2022,01
2022-06-20,2.084,2.04,2.12,136268.0,136268.0,Wind,2022,
2022-06-20,1.717,1.53,1.8599999999999999,73714.0,73714.0,Wind,2022,02
2022-06-20,1.7149999999999999,1.53,1.8599999999999999,83382.0,83382.0,Wind,2022,01
2022-06-20,2.07,2.01,2.12,358827.0,358827.0,Hydro,2022,
2022-06-20,1.896,1.75,2.02,145142.0,145142.0,Hydro,2022,02
2022-06-20,1.8980000000000001,1.75,2.02,209857.0,209857.0,Hydro,2022,01
2022-06-20,2.473,2.32,2.65,1511355.0,1511355.0,Solar,2022,
2022-06-20,1.749,1.53,1.92,461558.0,461558.0,Solar,2022,02
2022-06-20,1.803,1.58,1.92,355878.0,355878.0,Solar,2022,01
2022-10-20,5.286,5.22,5.5,1708353.0,1708353.0,Other,2022,
2022-10-20,4.64,2.31,5.21,5604.0,5604.0,Other,2022,02
2022-10-20,4.702,2.1,5.21,5286.0,5286.0,Other,2022,01
2022-10-20,5.026,4.49,5.36,123491.0,123491.0,Wind,2022,
2022-10-20,4.243,2.16,5.08,1681.0,1763.0,Wind,2022,02
2022-10-20,4.194,1.97,5.05,1223.0,1247.0,Wind,2022,01
2022-10-20,5.604,5.16,6.05,753627.0,753627.0,Hydro,2022,
2022-10-20,5.106,4.45,5.7,1292.0,1385.0,Hydro,2022,02
2022-10-20,5.246,4.72,5.7,1402.0,1405.0,Hydro,2022,01
2022-10-20,5.326,5.21,5.6,2821559.0,2821559.0,Solar,2022,
2022-10-20,4.59,3.63,5.08,4088.0,4177.0,Solar,2022,02
2022-10-20,4.494,3.3,5.05,3636.0,3672.0,Solar,2022,01
2022-12-20,6.424,6.16,6.53,1247100.0,1672587.0,Other,2022,
2022-12-20,5.808,5.71,5.88,466.0,932.0,Other,2022,02
2022-12-20,5.376,5.25,5.4,832.0,1664.0,Other,2022,01
2022-12-20,5.925,5.64,6.52,132134.0,132134.0,Wind,2022,
2022-12-20,5.211,5.11,5.27,304.0,609.0,Wind,2022,02
2022-12-20,4.7620000000000005,4.67,4.84,250.0,501.0,Wind,2022,01
2022-12-20,6.8,6.8,6.8,1100.0,487278.0,Hydro,2022,
2022-12-20,5.705,5.68,5.73,1000.0,2024.0,Hydro,2022,01
2022-12-20,6.526,6.07,6.73,2197126.0,2197126.0,Solar,2022,
2022-12-20,5.509,5.41,5.5600000000000005,992.0,1984.0,Solar,2022,02
2022-12-20,5.274,5.21,5.32,852.0,1705.0,Solar,2022,01
2023-01-20,7.965,7.87,8.08,1010899.0,1010899.0,Other,2022,
2023-01-20,6.239,5.26,7.2,2536.0,2536.0,Other,2022,02
2023-01-20,5.6,4.26,7.01,2872.0,2872.0,Other,2022,01
2023-01-20,7.67,7.67,7.67,60683.0,60683.0,Wind,2022,
2023-01-20,6.635,6.26,7.25,514.0,514.0,Wind,2022,02
2023-01-20,5.76,5.76,5.76,400.0,457.0,Wind,2022,01
2023-01-20,6.591,5.26,7.25,1758.0,1758.0,Hydro,2022,02
2023-01-20,5.577,4.26,7.01,1252.0,1252.0,Hydro,2022,01
2023-01-20,7.956,7.8100000000000005,8.05,319303.0,319303.0,Solar,2022,
2023-01-20,6.596,6.26,7.01,1336.0,1336.0,Solar,2022,02
2023-01-20,6.265,5.76,7.01,989.0,989.0,Solar,2022,01
2023-02-20,6.586,6.58,6.59,250000.0,614795.0,Other,2022,
2023-02-20,4.672,2.55,5.0,2189.0,2189.0,Other,2022,02
2023-02-20,0.15,0.15,0.15,12.0,24.0,Wind,2022,02
2023-02-20,6.244,6.22,6.27,215000.0,908424.0,Hydro,2022,
2023-02-20,4.207,1.15,5.0,755.0,755.0,Hydro,2022,02
2023-02-20,2.6950000000000003,1.11,4.33,221.0,221.0,Solar,2022,02
2023-03-20,6.405,5.59,6.93,384749.0,384749.0,Other,2022,
2023-03-20,5.961,5.8,6.25,57051.0,57051.0,Wind,2022,
2023-03-20,5.957,5.4,7.33,621800.0,703577.0,Hydro,2022,
2023-03-20,6.932,6.33,7.09,215068.0,215068.0,Solar,2022,
2023-06-20,6.289,6.06,6.72,403900.0,527910.0,Other,2023,02
2023-06-20,6.273,6.22,6.5,581674.0,581674.0,Other,2023,01
2023-06-20,6.68,6.63,6.73,26000.0,52480.0,Wind,2023,02
2023-06-20,6.668,6.32,6.91,62644.0,62644.0,Wind,2023,01
2023-06-20,6.355,6.31,6.36,111800.0,203715.0,Hydro,2023,01
2023-06-20,6.457,6.42,6.63,258249.0,258249.0,Solar,2023,01
2023-09-20,5.185,5.17,5.2,4000.0,,Other,2023,
2023-09-20,4.905,4.79,4.96,130221.0,,Other,2023,02
2023-09-20,4.846,4.61,4.96,7930.0,,Other,2023,01
2023-09-20,4.981,4.87,5.15,27355.0,,Wind,2023,02
2023-09-20,4.857,4.77,4.96,1081.0,,Wind,2023,01
2023-09-20,5.326,5.32,5.35,250000.0,,Hydro,2023,
2023-09-20,5.019,5.0,5.1,157847.0,,Hydro,2023,02
2023-09-20,5.016,4.89,5.08,93472.0,,Hydro,2023,01
2023-09-20,5.3,5.22,5.38,10000.0,,Solar,2023,
2023-09-20,4.956,4.83,5.08,424969.0,,Solar,2023,02
2023-09-20,4.858,4.77,4.96,1564.0,,Solar,2023,01
2023-12-20,3.07,3.04,3.13,4397.0,,Biomass,2023,01
2023-12-20,3.09,3.06,3.18,49238.0,,Wind,2023,08
2023-12-20,3.076,3.06,3.11,63773.0,,Wind,2023,04
2023-12-20,3.017,2.89,3.08,424.0,,Wind,2023,02
2023-12-20,2.888,2.66,3.08,482.0,,Wind,2023,01
2023-12-20,3.107,3.07,3.15,30367.0,,Wind,2023,06
2023-12-20,3.084,3.06,3.15,40900.0,,Wind,2023,07
2023-12-20,3.074,3.06,3.15,44113.0,,Wind,2023,05
2023-12-20,3.075,3.06,3.11,75105.0,,Wind,2023,02
2023-12-20,3.084,3.06,3.15,49074.0,,Wind,2023,10
2023-12-20,3.091,3.06,3.15,44722.0,,Wind,2023,09
2023-12-20,3.13,3.11,3.5,260500.0,,Solar,2023,08
2023-12-20,3.132,3.11,3.16,151000.0,,Solar,2023,04
2023-12-20,2.878,2.71,2.95,1943.0,,Solar,2023,01
2023-12-20,3.123,3.11,3.3,236100.0,,Solar,2023,06
2023-12-20,3.122,3.11,3.4,231900.0,,Solar,2023,07
2023-12-20,3.118,3.11,3.13,164400.0,,Solar,2023,05
2023-12-20,3.12,3.12,3.15,94600.0,,Solar,2023,02
2023-12-20,3.1310000000000002,3.11,3.5,153000.0,,Solar,2023,10
2023-12-20,3.128,3.11,3.4,103100.0,,Solar,2023,09
2024-01-22,1.367,1.19,1.55,10959.0,,Biomass,2023,02
2024-01-22,0.6890000000000001,0.26,1.06,6236.0,,Biomass,2023,01
2024-01-22,1.3679999999999999,1.19,1.55,149.0,,Wind,2023,02
2024-01-22,0.68,0.35000000000000003,1.01,144.0,,Wind,2023,01
2024-01-22,1.3639999999999999,1.19,1.55,2068.0,,Hydro,2023,02
2024-01-22,0.616,0.26,1.06,2544.0,,Hydro,2023,01
2024-01-22,1.338,1.19,1.55,970.0,,Solar,2023,02
2024-01-22,0.621,0.26,1.06,738.0,,Solar,2023,01
2024-03-06,1.25,1.25,1.25,100.0,565177.0,Biomass,2023,04
2024-03-06,1.12,1.12,1.12,46.0,92.0,Wind,2023,02
2024-03-06,1.12,1.12,1.12,2000.0,151794.0,Hydro,2023,04
2024-03-06,1.12,1.12,1.12,2000.0,433242.0,Hydro,2023,05
2024-03-06,1.12,1.12,1.12,1000.0,3116.0,Hydro,2023,02
2024-03-06,1.12,1.12,1.12,2000.0,718066.0,Solar,2023,04
2024-03-06,1.12,1.12,1.12,3000.0,645735.0,Solar,2023,05
2024-03-06,1.12,1.12,1.12,1000.0,601152.0,Solar,2023,02
2024-03-20,0.5650000000000001,0.56,0.5700000000000001,140000.0,572652.0,Biomass,2023,08
2024-03-20,0.421,0.36,0.53,567998.0,567998.0,Biomass,2023,04
2024-03-20,0.5700000000000001,0.56,0.58,150000.0,563012.0,Biomass,2023,06
2024-03-20,0.5650000000000001,0.56,0.5700000000000001,150000.0,568337.0,Biomass,2023,07
2024-03-20,0.394,0.26,0.53,576151.0,576151.0,Biomass,2023,05
2024-03-20,0.28300000000000003,0.17,0.51,596709.0,596709.0,Biomass,2023,02
2024-03-20,0.185,0.16,0.22,272.0,272.0,Wind,2023,04
2024-03-20,0.8,0.8,0.8,10000.0,30635.0,Wind,2023,12
2024-03-20,0.188,0.16,0.22,250.0,250.0,Wind,2023,05
2024-03-20,0.16,0.16,0.16,194.0,194.0,Wind,2023,02
2024-03-20,1.249,0.92,1.83,164300.0,173725.0,BioMethane,2023,12
2024-03-20,1.133,0.93,1.82,144200.0,182865.0,BioMethane,2023,11
2024-03-20,1.239,1.06,1.81,67000.0,134111.0,BioMethane,2023,10
2024-03-20,0.577,0.5700000000000001,0.62,245611.0,245611.0,Hydro,2023,08
2024-03-20,0.431,0.36,0.61,150363.0,150363.0,Hydro,2023,04
2024-03-20,0.805,0.8,0.81,20000.0,134468.0,Hydro,2023,12
2024-03-20,0.5750000000000001,0.56,0.59,295000.0,410199.0,Hydro,2023,06
2024-03-20,0.5730000000000001,0.56,0.61,281000.0,303192.0,Hydro,2023,07
2024-03-20,0.437,0.36,0.61,433036.0,433036.0,Hydro,2023,05
2024-03-20,0.219,0.16,0.28,3178.0,3178.0,Hydro,2023,02
2024-03-20,0.587,0.56,0.64,586000.0,758119.0,Solar,2023,08
2024-03-20,0.41300000000000003,0.30000000000000004,0.61,718524.0,718524.0,Solar,2023,04
2024-03-20,0.808,0.8,0.81,60000.0,130330.0,Solar,2023,12
2024-03-20,0.599,0.56,0.67,430000.0,727748.0,Solar,2023,06
2024-03-20,0.579,0.56,0.61,476000.0,786787.0,Solar,2023,07
2024-03-20,0.437,0.34,0.61,646458.0,646458.0,Solar,2023,05
2024-03-20,0.338,0.25,0.61,602462.0,602462.0,Solar,2023,02
2024-06-20,0.226,0.16,0.55,419500.0,437057.0,Biomass,2023,08
2024-06-20,1.076,1.0,1.13,39001.0,39001.0,Biomass,2024,04
2024-06-20,0.341,0.34,0.37,325000.0,590796.0,Biomass,2023,12
2024-06-20,0.986,0.8,1.2,38494.0,38494.0,Biomass,2024,02
2024-06-20,1.033,0.8300000000000001,1.13,119025.0,119025.0,Biomass,2024,01
2024-06-20,0.177,0.15,0.56,299700.0,417240.0,Biomass,2023,06
2024-06-20,0.217,0.16,0.56,336400.0,422721.0,Biomass,2023,07
2024-06-20,1.064,0.9,1.13,40802.0,40802.0,Biomass,2024,02
2024-06-20,0.338,0.33,0.66,320800.0,579688.0,Biomass,2023,11
2024-06-20,0.335,0.33,0.66,332000.0,591353.0,Biomass,2023,10
2024-06-20,0.268,0.26,0.42,305000.0,580648.0,Biomass,2023,09
2024-06-20,0.219,0.17,0.56,1447.0,1447.0,Wind,2023,08
2024-06-20,1.047,0.88,1.18,9621.0,9621.0,Wind,2024,04
2024-06-20,0.367,0.34,0.56,52496.0,52496.0,Wind,2023,12
2024-06-20,1.049,0.8,1.18,12021.0,12021.0,Wind,2024,02
2024-06-20,1.018,0.8,1.18,14552.0,14552.0,Wind,2024,01
2024-06-20,0.241,0.16,0.31,638.0,638.0,Wind,2023,06
2024-06-20,0.331,0.21,0.56,940.0,940.0,Wind,2023,07
2024-06-20,1.11,1.0,1.18,11774.0,11774.0,Wind,2024,02
2024-06-20,0.353,0.34,0.56,77295.0,77295.0,Wind,2023,11
2024-06-20,0.358,0.34,0.56,2500.0,2500.0,Wind,2023,10
2024-06-20,0.338,0.25,0.56,1522.0,1522.0,Wind,2023,09
2024-06-20,1.25,1.25,1.25,3000.0,220461.0,BioMethane,2024,02
2024-06-20,1.25,1.25,1.25,3300.0,228025.0,BioMethane,2024,01
2024-06-20,1.256,1.2,1.5,3300.0,226962.0,BioMethane,2024,02
2024-06-20,0.277,0.18,0.4,2276.0,2276.0,Hydro,2023,08
2024-06-20,1.173,1.13,1.19,59471.0,59471.0,Hydro,2024,04
2024-06-20,0.369,0.34,0.42,252742.0,252742.0,Hydro,2023,12
2024-06-20,1.159,1.06,1.23,33817.0,33817.0,Hydro,2024,02
2024-06-20,1.1400000000000001,1.05,1.16,45540.0,45540.0,Hydro,2024,01
2024-06-20,0.25,0.16,0.46,118847.0,118847.0,Hydro,2023,06
2024-06-20,0.256,0.18,0.46,24310.0,24310.0,Hydro,2023,07
2024-06-20,1.156,1.08,1.16,55203.0,55203.0,Hydro,2024,02
2024-06-20,0.366,0.33,0.41000000000000003,325548.0,325548.0,Hydro,2023,11
2024-06-20,0.358,0.34,0.41000000000000003,259568.0,259568.0,Hydro,2023,10
2024-06-20,0.309,0.27,0.46,256742.0,256742.0,Hydro,2023,09
2024-06-20,0.304,0.26,0.46,175959.0,175959.0,Solar,2023,08
2024-06-20,1.188,1.17,1.21,175160.0,175160.0,Solar,2024,04
2024-06-20,0.394,0.37,0.42,204485.0,204485.0,Solar,2023,12
2024-06-20,1.126,1.03,1.17,77177.0,77177.0,Solar,2024,02
2024-06-20,1.149,1.11,1.17,62063.0,62063.0,Solar,2024,01
2024-06-20,0.262,0.18,0.46,301093.0,301093.0,Solar,2023,06
2024-06-20,0.291,0.23,0.46,314387.0,314387.0,Solar,2023,07
2024-06-20,1.171,1.17,1.25,119868.0,119868.0,Solar,2024,02
2024-06-20,0.41500000000000004,0.35000000000000003,0.51,350063.0,350063.0,Solar,2023,11
2024-06-20,0.358,0.34,0.49,383120.0,383120.0,Solar,2023,10
2024-06-20,0.319,0.28,0.46,648243.0,648243.0,Solar,2023,09
2024-09-20,0.438,0.41000000000000003,0.55,279308.0,279308.0,Biomass,2023,12
2024-09-20,0.392,0.30000000000000004,0.45,271564.0,271564.0,Biomass,2023,11
2024-09-20,0.363,0.23,0.46,271799.0,271799.0,Biomass,2023,10
2024-09-20,0.178,0.16,0.27,287950.0,287950.0,Biomass,2023,09
2024-09-20,0.371,0.32,0.39,584.0,584.0,Wind,2023,12
2024-09-20,0.97,0.97,0.97,2000.0,48823.0,Wind,2024,02
2024-09-20,0.97,0.97,0.97,2000.0,58745.0,Wind,2024,01
2024-09-20,0.97,0.97,0.97,2000.0,48527.0,Wind,2024,02
2024-09-20,0.187,0.17,0.25,631.0,631.0,Wind,2023,11
2024-09-20,0.199,0.17,0.26,305.0,305.0,Wind,2023,10
2024-09-20,0.16,0.16,0.16,100.0,204.0,Wind,2023,09
2024-09-20,0.626,0.61,1.1,12600.0,265103.0,BioMethane,2024,04
2024-09-20,0.352,0.2,0.5,1400.0,36102.0,BioMethane,2023,12
2024-09-20,0.8,0.6000000000000001,1.1,1100.0,248283.0,BioMethane,2024,02
2024-09-20,0.8200000000000001,0.6000000000000001,1.1,1000.0,256368.0,BioMethane,2024,01
2024-09-20,0.5760000000000001,0.56,1.1,15000.0,229340.0,BioMethane,2024,06
2024-09-20,0.966,0.9,1.1,600.0,254391.0,BioMethane,2024,05
2024-09-20,0.966,0.9,1.1,600.0,265178.0,BioMethane,2024,02
2024-09-20,0.192,0.16,0.4,4100.0,66083.0,BioMethane,2023,11
2024-09-20,0.186,0.16,0.4,4500.0,75240.0,BioMethane,2023,10
2024-09-20,0.388,0.36,0.39,3727.0,3727.0,Hydro,2023,12
2024-09-20,0.30000000000000004,0.23,0.36,3732.0,3732.0,Hydro,2023,11
2024-09-20,0.203,0.17,0.24,2910.0,2910.0,Hydro,2023,10
2024-09-20,0.16,0.16,0.16,1300.0,2680.0,Hydro,2023,09
2024-09-20,0.386,0.36,0.39,1570.0,1570.0,Solar,2023,12
2024-09-20,0.292,0.23,0.36,1321.0,1321.0,Solar,2023,11
2024-09-20,0.209,0.17,0.25,1629.0,1629.0,Solar,2023,10
2024-09-20,0.167,0.16,0.18,1400.0,1860.0,Solar,2023,09
2024-12-20,0.365,0.33,0.43,182200.0,182200.0,Biomass,2024,04
2024-12-20,0.34900000000000003,0.31,0.39,173002.0,173002.0,Biomass,2024,02
2024-12-20,0.267,0.23,0.36,493905.0,493905.0,Biomass,2024,01
2024-12-20,0.361,0.33,0.45,217724.0,217724.0,Biomass,2024,05
2024-12-20,0.355,0.33,0.4,185008.0,185008.0,Biomass,2024,02
2024-12-20,0.372,0.34,0.45,41823.0,41823.0,Wind,2024,04
2024-12-20,0.15,0.15,0.15,200.0,470.0,Wind,2023,12
2024-12-20,0.343,0.27,0.41000000000000003,47454.0,47454.0,Wind,2024,02
2024-12-20,0.323,0.27,0.42,57657.0,57657.0,Wind,2024,01
2024-12-20,0.336,0.32,0.36,46470.0,46470.0,Wind,2024,05
2024-12-20,0.34700000000000003,0.33,0.4,47585.0,47585.0,Wind,2024,02
2024-12-20,0.1,0.1,0.1,20000.0,242967.0,BioMethane,2024,08
2024-12-20,0.1,0.1,0.1,20000.0,255567.0,BioMethane,2024,06
2024-12-20,0.1,0.1,0.1,20000.0,262857.0,BioMethane,2024,07
2024-12-20,0.10400000000000001,0.1,1.0,149200.0,244236.0,BioMethane,2024,09
2024-12-20,0.356,0.32,0.45,267669.0,267669.0,Hydro,2024,04
2024-12-20,0.16,0.16,0.16,500.0,1725.0,Hydro,2023,12
2024-12-20,0.342,0.31,0.39,142329.0,142329.0,Hydro,2024,02
2024-12-20,0.34,0.29,0.42,188574.0,188574.0,Hydro,2024,01
2024-12-20,0.357,0.33,0.46,356822.0,356822.0,Hydro,2024,05
2024-12-20,0.357,0.33,0.43,235253.0,235253.0,Hydro,2024,02
2024-12-20,0.34800000000000003,0.32,0.44,727710.0,727710.0,Solar,2024,04
2024-12-20,0.16,0.16,0.16,700.0,1634.0,Solar,2023,12
2024-12-20,0.359,0.33,0.43,315587.0,315587.0,Solar,2024,02
2024-12-20,0.343,0.29,0.42,253248.0,253248.0,Solar,2024,01
2024-12-20,0.34800000000000003,0.31,0.45,974813.0,974813.0,Solar,2024,05
2024-12-20,0.353,0.33,0.43,492829.0,492829.0,Solar,2024,02
